<?xml version="1.0" encoding="ISO-8859-15"?>
<uc-export clientvers="12.2.0+low.build.10807">
<DOCU name="PCK.AUTOMIC_TMPL_JBOSS_V7.PUB.LICENSES">
<HEADER state="1">
<Title/>
<ArchiveKey1/>
<ArchiveKey2/>
<OH_SubType/>
</HEADER>
<DOCU_Docu state="1" type="text">
<DOC><![CDATA[Copyright © Automic Software, Inc. 2016

Copyright © 2016 Automic Software GmbH (Automic), all rights reserved. The materials in this publication are protected by copyright and/or other intellectual property laws. Any unauthorized use of the materials in this publication can result in an infringement of these laws. Unless expressly permitted, the copying of information or documents from this publication, in any form, without the prior written permission of Automic is prohibited.

Automic is a trademark and/or service mark of Automic Software GmbH (Automic). Other company, product, and service names mentioned in any Automic document may be trademarks or servicemarks of others.

Automic Software GmbH
Am Europlatz 5
1120 Vienna
Austria
Call us: +43 (0)5 7080-0

Automic Software, Inc.
14475 NE 24th St, Suite 210
Bellevue, WA 98007
USA
Call us: +1 (425) 644-2121

www.automic.com
]]></DOC>
</DOCU_Docu>
</DOCU>
</uc-export>